con-mjsilva;1076
con-mjsilva;3347
con-mjsilva;796
con-mjsilva;6407
con-mjsilva;6345
con-mjsilva;6293
con-mjsilva;6100
con-mjsilva;6074
con-mjsilva;5362
con-mjsilva;3020
con-mjsilva;2442
con-mjsilva;5153
con-mjsilva;6773
con-mjsilva;5041
con-mjsilva;5029
con-mjsilva;66
con-mjsilva;3018
con-mjsilva;2995
con-mjsilva;2082
con-mjsilva;2911
con-mjsilva;2961
con-mjsilva;2912
con-mjsilva;2838
con-mjsilva;2753
con-mjsilva;2608
con-mjsilva;2189
con-mjsilva;2324
con-mjsilva;2543
con-mjsilva;2525
con-mjsilva;2190
con-mjsilva;2084
con-mjsilva;1355
con-mjsilva;756
con-mjsilva;807
con-mjsilva;790
con-mjsilva;1275
con-mjsilva;516
con-mjsilva;448
con-mjsilva;386
con-mjsilva;108
con-mjsilva;1169
con-mjsilva;1118
con-mjsilva;19
con-mjsilva;1036
con-mjsilva;1015
con-mjsilva;11