fabio.vieira;6679
fabio.vieira;6405
fabio.vieira;6407
fabio.vieira;6640
fabio.vieira;6364
fabio.vieira;6297
fabio.vieira;6221
fabio.vieira;6130
fabio.vieira;6096
fabio.vieira;6074
fabio.vieira;5362
fabio.vieira;5242
fabio.vieira;5153
fabio.vieira;5068
fabio.vieira;5056
fabio.vieira;5020
fabio.vieira;4770
fabio.vieira;4738
fabio.vieira;3021
fabio.vieira;1957
fabio.vieira;3531
fabio.vieira;4679
fabio.vieira;3529
fabio.vieira;3615
fabio.vieira;3347
fabio.vieira;2167
fabio.vieira;2647
fabio.vieira;3023
fabio.vieira;3022
fabio.vieira;2912
fabio.vieira;2996
fabio.vieira;2785
fabio.vieira;957
fabio.vieira;2911
fabio.vieira;1266
fabio.vieira;732
fabio.vieira;2473
fabio.vieira;2166
fabio.vieira;2749
fabio.vieira;2165
fabio.vieira;2291
fabio.vieira;2383
fabio.vieira;2227
fabio.vieira;1710
fabio.vieira;1195
fabio.vieira;1612
fabio.vieira;816
fabio.vieira;785
fabio.vieira;1001
fabio.vieira;759
fabio.vieira;189
fabio.vieira;1216
fabio.vieira;1184
fabio.vieira;1076
fabio.vieira;1019
fabio.vieira;1018
fabio.vieira;1032
