con-douglas.assis;6411
con-rfoliveira;6411
con-rrcosta;6411
con-darlan.santana;6411
con-davi.miranda;6411
con-glferreira;6411
con_sfranzolin;6411
con-acarvalho;6411
con-andrey.campos;6411
con-sandra.schubert;6411
con-hsilva;6411
con-igsilva;6411
con-vmpsilva;6411
con-thiago.figueired;6411
con-thiago.pantoja;6411
con-athormann;6411
con-ana.vieira;6411
con-douglas.assis;6412
con-rfoliveira;6412
con-rrcosta;6412
con-darlan.santana;6412
con-davi.miranda;6412
con-glferreira;6412
con_sfranzolin;6412
con-acarvalho;6412
con-andrey.campos;6412
con-sandra.schubert;6412
con-hsilva;6412
con-igsilva;6412
con-vmpsilva;6412
con-thiago.figueired;6412
con-thiago.pantoja;6412
con-athormann;6412
con-ana.vieira;6412
