mtridapalli;BR_SG_R_INTERNET_ADVANCED
mtridapalli;SPL-PROJETO_GEV-FULL
mtridapalli;GL-AMZ-SUDENNE-FULL
mtridapalli;BR_SG_S_NOW_AllUsers
mtridapalli;Informativo_Emissao de Nota Fiscal
mtridapalli;Informativo_Interface SRCC e SAP ECC
mtridapalli;Informativo Emissao de Ordem de Venda
mtridapalli;Informativos TI Brasil
mtridapalli;DL-COORDENADORES-INSTALACOES
mtridapalli;DL-SETOR_DE_INSTALACOES
mtridapalli;Clipping Diario
mtridapalli;GL-WISEIT-USN-MASTER
mtridapalli;GL-WISEIT-SOLICITANTE
mtridapalli;Supergasbras Coordenadores
mtridapalli;GL-ACESSO_META-HYPERION_APPS_PRODUCAO
mtridapalli;MTZ-HYPERION-APPS
mtridapalli;Supergasbras Brasil
mtridapalli;Supergasbras Unidade - Duque de Caxias
