drhede;6690
mhsilva;6690
vteixeira;6690
rpsantos;6690
flferreira;6690
wsantos;6690
wsantos;6690
majunior;6690
jrcarvalho;6690
fcsantos;6690
amacintyre;6690
LHEleuterio;6690
mcsaraujo;6690
almonteiro;6690
Lmateus;6690
rhartmann;6690
mlaurenciano;6690
flsoares;6690
learaujo;6690
ChLSilva;6690
abrandao;6690
ancarvalho;6690
MPetrulis;6690
aghedin;6690
andre.portugal;6690
abaldotto;6690
rrisi;6690
acarneiro;6690
VCsantos;6690
ajschouwenaar;6690
jpedreira;6690
LDiniz;6690
avalenzuela;6690
roliveira;6690
ANardino;6690
asassaki;6690