GL-WISEIT-INSTALACOES-RRE;con-ives.santos
GL-WISEIT-INSTALACOES-B2P;con-ives.santos
GL-WISEIT-INSTALACOES-RCX;con-ives.santos
GL-WISEIT-INSTALACOES-SMC;con-ives.santos
GL-WISEIT-INSTALACOES-M2C;con-ives.santos
GL-WISEIT-INSTALACOES-P2J;con-ives.santos
GL-WISEIT-INSTALACOES-NAJ;con-ives.santos
GL-WISEIT-INSTALACOES-R2P;con-ives.santos
GL-WISEIT-INSTALACOES-C2P;con-ives.santos
GL-WISEIT-INSTALACOES-S2R;con-ives.santos
GL-WISEIT-INSTALACOES-PPP;con-ives.santos
GL-WISEIT-INSTALACOES-R2T;con-ives.santos
GL-WISEIT-INSTALACOES-B2C;con-ives.santos
GL-WISEIT-INSTALACOES-RJC;con-ives.santos
GL-WISEIT-INSTALACOES-R2O;con-ives.santos
GL-WISEIT-INSTALACOES-FSL;con-ives.santos
GL-WISEIT-INSTALACOES-RSM;con-ives.santos
GL-WISEIT-INSTALACOES-P2L;con-ives.santos
GL-WISEIT-INSTALACOES-R2B;con-ives.santos
GL-WISEIT-INSTALACOES-NOL;con-ives.santos
GL-WISEIT-INSTALACOES-R2G;con-ives.santos
GL-WISEIT-INSTALACOES-R2E;con-ives.santos
GL-WISEIT-INSTALACOES-R2M;con-ives.santos
GL-WISEIT-INSTALACOES-S2V;con-ives.santos
GL-WISEIT-INSTALACOES-CPT;con-ives.santos
GL-WISEIT-INSTALACOES-S2D;con-ives.santos
GL-WISEIT-INSTALACOES-GAG;con-ives.santos
GL-WISEIT-INSTALACOES-RNI;con-ives.santos
GL-WISEIT-INSTALACOES-R2Q;con-ives.santos
GL-WISEIT-INSTALACOES-RBA;con-ives.santos
GL-WISEIT-INSTALACOES-R2N;con-ives.santos
GL-WISEIT-INSTALACOES-M2G;con-ives.santos
GL-WISEIT-INSTALACOES-R2D;con-ives.santos
GL-WISEIT-INSTALACOES-RCI;con-ives.santos
GL-WISEIT-INSTALACOES-C2F;con-ives.santos
GL-WISEIT-INSTALACOES-RNT;con-ives.santos
GL-WISEIT-INSTALACOES-R2H;con-ives.santos
GL-WISEIT-INSTALACOES-C2B;con-ives.santos
GL-WISEIT-INSTALACOES-RCG;con-ives.santos
GL-WISEIT-INSTALACOES-RCA;con-ives.santos
GL-WISEIT-INSTALACOES-P2A;con-ives.santos
GL-WISEIT-INSTALACOES-RCF;con-ives.santos
GL-WISEIT-INSTALACOES-RAL;con-ives.santos
GL-WISEIT-INSTALACOES-RCM;con-ives.santos
GL-WISEIT-INSTALACOES-S2A;con-ives.santos
GL-WISEIT-INSTALACOES-S2B;con-ives.santos
GL-WISEIT-INSTALACOES-MTI;con-ives.santos
GL-WISEIT-INSTALACOES-C2A;con-ives.santos
GL-WISEIT-INSTALACOES-PCA;con-ives.santos
GL-WISEIT-INSTALACOES-FSO;con-ives.santos
GL-WISEIT-INSTALACOES-S2O;con-ives.santos
GL-WISEIT-INSTALACOES-ESZ;con-ives.santos
GL-WISEIT-INSTALACOES-M2U;con-ives.santos
GL-WISEIT-INSTALACOES-RAR;con-ives.santos
GL-WISEIT-INSTALACOES-NFT;con-ives.santos
GL-WISEIT-INSTALACOES-CCN;con-ives.santos
GL-WISEIT-INSTALACOES-S2T;con-ives.santos
GL-WISEIT-INSTALACOES-NJP;con-ives.santos
GL-WISEIT-INSTALACOES-SRP;con-ives.santos
GL-WISEIT-INSTALACOES-SCG;con-ives.santos
GL-WISEIT-INSTALACOES-SSV;con-ives.santos
GL-WISEIT-INSTALACOES-RSR;con-ives.santos
GL-WISEIT-INSTALACOES-CPF;con-ives.santos
GL-WISEIT-INSTALACOES-S2U;con-ives.santos
GL-WISEIT-INSTALACOES-SPL;con-ives.santos
GL-WISEIT-INSTALACOES-S2S;con-ives.santos
GL-WISEIT-INSTALACOES-CCS;con-ives.santos
GL-WISEIT-INSTALACOES-R2J;con-ives.santos
GL-WISEIT-INSTALACOES-RMC;con-ives.santos
GL-WISEIT-INSTALACOES-PIJ;con-ives.santos
GL-WISEIT-INSTALACOES-NFO;con-ives.santos
GL-WISEIT-INSTALACOES-EBL;con-ives.santos
GL-WISEIT-INSTALACOES-PBG;con-ives.santos
GL-WISEIT-INSTALACOES-B2G;con-ives.santos
GL-WISEIT-INSTALACOES-P2C;con-ives.santos
GL-WISEIT-INSTALACOES-PLD;con-ives.santos
GL-WISEIT-INSTALACOES-NMA;con-ives.santos
GL-WISEIT-INSTALACOES-B2U;con-ives.santos
GL-WISEIT-INSTALACOES-C2M;con-ives.santos
GL-WISEIT-INSTALACOES-NNA;con-ives.santos
GL-WISEIT-INSTALACOES-MSE;con-ives.santos
GL-WISEIT-INSTALACOES-MIT;con-ives.santos
GL-WISEIT-INSTALACOES-M2M;con-ives.santos
GL-WISEIT-INSTALACOES-MLA;con-ives.santos
GL-WISEIT-INSTALACOES-FSA;con-ives.santos
GL-WISEIT-INSTALACOES-PAR;con-ives.santos
GL-WISEIT-INSTALACOES-SJC;con-ives.santos
GL-WISEIT-INSTALACOES-S2J;con-ives.santos
GL-WISEIT-INSTALACOES-B2A;con-ives.santos
GL-WISEIT-INSTALACOES-BDF;con-ives.santos
GL-WISEIT-INSTALACOES-MUB;con-ives.santos
GL-WISEIT-INSTALACOES-NRE;con-ives.santos
GL-WISEIT-INSTALACOES-R2C;con-ives.santos
GL-WISEIT-INSTALACOES-SMA;con-ives.santos
GL-WISEIT-INSTALACOES-S2P;con-ives.santos
GL-WISEIT-INSTALACOES-MCT;con-ives.santos
