pos;login
1;acorrea
2;adbarbosa
3;afranca
4;ahpsilva
5;aknascimento
6;alsantana
7;aramos
8;asdias
9;besantos
10;blsilva
11;bnlima
12;brena.almeida
13;carolaine.freitas
14;cbraga
15;clbarbosa
16;cmcunha
17;cnovaes
18;con-brenda.silva
19;con-maria.coelho
20;con-pablo.bonavita
21;csmelo
22;dmeireles
23;dmiranda
24;dmsilva
25;fmfbarros
26;frsoliveira
27;gfnascimento
28;gribeiro
29;gsantana
30;jaquino
31;jgarcia
32;jramm
33;jtibaes
34;jubsilva
35;lcardoso
36;leticia.alves
37;lfrancisco
38;lfreires
39;lgoulart
40;lltavares
41;lmacedo
42;lsiqueira
43;lvalentino
44;maferreira
45;malmeida
46;mberocha
47;mcaetano
48;mduarte
49;mfritz
50;mfsantos
51;mramos
52;mroliveira
53;msbatista
54;mstival
55;mtsilva
56;nribeiro
57;pgomes
58;pmotta
59;pribeiro
60;prodrigues
61;raiza.pontes
62;rkmartins
63;rpamplona
64;rrodrigues
65;scoelho
66;sferreira
67;shsantos
68;smoreira
69;tainara.pereira
70;tcsantos
71;tmartins
72;ttoelp
73;vanacleto
74;vmsilva
75;vpoliveira
76;vscsilva
77;william.gomes
78;wjsantos
