agsoliveira;SEMA - Seguranca e Meio Ambiente
ADare;SEMA - Seguranca e Meio Ambiente
AnOliveira;SEMA - Seguranca e Meio Ambiente
bsnascimento;SEMA - Seguranca e Meio Ambiente
cleao;SEMA - Seguranca e Meio Ambiente
cmuller;SEMA - Seguranca e Meio Ambiente
cribeiro;SEMA - Seguranca e Meio Ambiente
czristow;SEMA - Seguranca e Meio Ambiente
cssouza;SEMA - Seguranca e Meio Ambiente
dcarvalho;SEMA - Seguranca e Meio Ambiente
erasilva;SEMA - Seguranca e Meio Ambiente
ejacinto;SEMA - Seguranca e Meio Ambiente
fsousa;SEMA - Seguranca e Meio Ambiente
fmacedo;SEMA - Seguranca e Meio Ambiente
gssantana;SEMA - Seguranca e Meio Ambiente
GZanette;SEMA - Seguranca e Meio Ambiente
isantana;SEMA - Seguranca e Meio Ambiente
ircampos;SEMA - Seguranca e Meio Ambiente
jbcardoso;SEMA - Seguranca e Meio Ambiente
jielo;SEMA - Seguranca e Meio Ambiente
jcdsouza;SEMA - Seguranca e Meio Ambiente
Lmateus;SEMA - Seguranca e Meio Ambiente
con-lrferreira;SEMA - Seguranca e Meio Ambiente
mcramos;SEMA - Seguranca e Meio Ambiente
mamelo;SEMA - Seguranca e Meio Ambiente
mmagalhaes;SEMA - Seguranca e Meio Ambiente
msgoncalves;SEMA - Seguranca e Meio Ambiente
pqsilva;SEMA - Seguranca e Meio Ambiente
pcapriata;SEMA - Seguranca e Meio Ambiente
rmiranda;SEMA - Seguranca e Meio Ambiente
rgsilva;SEMA - Seguranca e Meio Ambiente
ssfigueiredo;SEMA - Seguranca e Meio Ambiente
ssantos;SEMA - Seguranca e Meio Ambiente
scrodrigues;SEMA - Seguranca e Meio Ambiente
trcalves;SEMA - Seguranca e Meio Ambiente
vcamargo;SEMA - Seguranca e Meio Ambiente
vlucena;SEMA - Seguranca e Meio Ambiente
velopes;SEMA - Seguranca e Meio Ambiente
wpsilva;SEMA - Seguranca e Meio Ambiente
