almonteiro;SEMA - Seguranca e Meio Ambiente
kmonteiro;SEMA - Seguranca e Meio Ambiente
masouza;SEMA - Seguranca e Meio Ambiente
acjunior;SEMA - Seguranca e Meio Ambiente
lsica;SEMA - Seguranca e Meio Ambiente
fggomes;SEMA - Seguranca e Meio Ambiente
jsantos;SEMA - Seguranca e Meio Ambiente
fmassis;SEMA - Seguranca e Meio Ambiente
mtrigo;SEMA - Seguranca e Meio Ambiente
con-amoreira;SEMA - Seguranca e Meio Ambiente
evsouza;SEMA - Seguranca e Meio Ambiente
rnoernberg;SEMA - Seguranca e Meio Ambiente
adriana.capistrano;SEMA - Seguranca e Meio Ambiente
acanuto;SEMA - Seguranca e Meio Ambiente
dbaraujo;SEMA - Seguranca e Meio Ambiente
carlos.e.santos;SEMA - Seguranca e Meio Ambiente
adsantos;SEMA - Seguranca e Meio Ambiente
ekreisig;SEMA - Seguranca e Meio Ambiente
mfernandes;SEMA - Seguranca e Meio Ambiente
amlima;SEMA - Seguranca e Meio Ambiente
jccastro;SEMA - Seguranca e Meio Ambiente
raguiar;SEMA - Seguranca e Meio Ambiente
antonio.c.oliveira;SEMA - Seguranca e Meio Ambiente
rpsilva;SEMA - Seguranca e Meio Ambiente
lzamparo;SEMA - Seguranca e Meio Ambiente
luis.ferreira;SEMA - Seguranca e Meio Ambiente
fmergulhao;SEMA - Seguranca e Meio Ambiente
cesar.almeida;SEMA - Seguranca e Meio Ambiente
bwoliveira;SEMA - Seguranca e Meio Ambiente
clssilva;SEMA - Seguranca e Meio Ambiente
ralbuquerque;SEMA - Seguranca e Meio Ambiente
lpandrade;SEMA - Seguranca e Meio Ambiente
tcunha;SEMA - Seguranca e Meio Ambiente
priscila.muniz;SEMA - Seguranca e Meio Ambiente
denise.vargas;SEMA - Seguranca e Meio Ambiente
