SamAccountName		userAccountControl
aabatista	true	512
aabrito	true	512
aacastro	true	544
aafernandes	true	512
aafreitas	true	512
aagostinis	true	512
AAguiar	true	512
aamaral	true	512
aanascimento	true	512
aanselmo	true	512
aaoliveira	true	512
aapsilva	true	512
aarsilva	true	512
aasantos	true	512
aasilveira	true	512
AAssis	true	512
abaldotto	true	512
abaptista	true	512
abarboza	true	512
abaron	true	512
abarreto	true	512
abarros	true	512
abcardoso	true	512
abernardino	true	544
abet	true	512
abispo	true	512
abortolan	true	512
abrandao	true	512
abrito	true	512
absantos	true	512
absouza	true	512
acadete	true	512
acajueiro	true	512
acamara	true	512
acamelo	true	512
ACampos	true	512
acandrade	true	544
acantunes	true	512
acanuto	true	512
Acardoso	true	512
acarneiro	true	512
acarvalho	true	512
acavalcante	true	544
accampos	true	544
accastro	true	512
acesario	true	512
acfraga	true	512
acfreitas	true	512
achnascimento	true	512
acjunior	true	512
acnascimento	true	512
acorrea	true	512
acortes	true	512
acosta	true	512
acrosa	true	512
ACSantos	true	512
acsouza	true	512
acustodio	true	512
ACVieira	true	512
adamico	true	512
adaoliveira	true	512
ADare	true	512
adarze	true	512
adasantos	true	512
adbarbosa	true	512
ADcarvalho	true	512
adelavia	true	512
adenucci	true	512
ADERosa	true	512
ADFernandes	true	512
ADFerreira	true	512
adfonseca	true	512
adfsilva	true	512
adilson.silva	#N/D	512
admoreira	true	512
adneto	true	512
adoliveira	true	512
adreis	true	512
adriana.moraes	true	512
adribeiro	true	512
adrumond	true	512
ADSantos	true	512
adsilva	true	544
adssantos	true	512
aduarte	true	512
aedantas	true	512
aesantos	true	512
afalmeida	true	512
afavoreto	true	512
afazolo	true	512
afcosta	true	512
afgomes	true	512
afigueiredo	true	544
afmiranda	true	512
afonseca	true	512
afranca	true	512
afreitas	true	512
aftavares	true	512
AGalvao	true	512
agarofalo	true	512
agaspar	true	512
agasparele	true	512
agguedes	true	544
aghedin	true	512
AGoncalves	true	512
agori	true	512
agrande	true	512
agroisman	true	512
agsantana	true	512
agsantos	true	512
aguedes	true	512
aguimaraes	true	512
ahlima	true	512
ahpsilva	true	512
AHSilva	true	512
aibsilva	true	512
aioliveira	true	512
ajamorim	true	512
ajbrito	true	512
ajsantos	true	512
ajschouwenaar	true	544
aknascimento	true	512
alapereira	true	512
alaporte	true	512
alaraujo	true	512
AlAzevedo	true	512
albarros	true	512
albrito	true	544
alegomes	true	512
ALeitao	true	512
alemartins	true	512
alemos	true	544
alepsilva	true	544
alesalves	true	512
alessilva	true	512
alexandre.abreu	true	512
algoncalves	true	512
alino	true	544
allsilva	true	544
almartins	true	512
almonteiro	true	512
ALobo	true	512
alopes	true	544
alpsilva	true	512
AlRocha	true	512
alsalves	true	512
alsantana	true	544
alsilva	true	512
alsousa	true	544
alssouza	true	512
alzsilva	true	512
amacintyre	true	512
amaia	true	512
amalagon	true	512
amartins	true	512
amasantos	true	512
amassa	true	512
amatos	true	544
amatta	true	512
amendes	true	512
ameschiatto	true	512
amiranda	true	512
amlima	true	512
ammelo	true	512
amoreira	true	512
amota	true	512
ampeixoto	true	512
AMSantos	true	512
amsena	true	512
amsouza	true	512
amurcia	true	512
anamaral	true	512
ANardino	true	512
anarodrigues	true	544
anbmoreira	true	544
ancarvalho	true	512
andersilva	true	512
andre.cardoso	#N/D	512
andre.lima	true	512
andre.silva	true	512
andsilva	true	512
ANery	true	512
aneves	true	512
anfbarbosa	true	512
anfsouza	true	512
anleite	true	512
anmrodrigues	true	512
AnOliveira	true	512
anpereira	true	512
anrodrigues	true	544
anrosa	true	512
ansilva	true	512
ansousa	true	512
anssilva	true	512
ANunes	true	512
aojesus	true	512
aolemos	true	512
aosilva	true	512
aosouza	true	512
apaiva	true	512
apalmeida	true	512
apaula	true	512
apercilio	true	512
apfreitas	true	544
apfsilva	true	544
apgomes	true	512
apivoto	true	512
APOliveira	true	512
appereira	true	512
appinto	true	512
apsantos	true	512
apsilva	true	512
apssouza	true	512
aqsilva	true	512
aralves	true	512
aramos	true	512
arangel	true	544
aranjos	true	512
arccarvalho	true	512
arcorrea	true	512
arezende	true	512
arferreira	true	512
aribeiro	true	512
armartins	true	512
armendes	true	512
arodrigues	true	512
arosa	true	512
arossi	true	512
arribeiro	true	512
ARSantos	true	512
arsilva	true	512
arsouza	true	512
aruse	true	512
asantana	true	512
asantos	true	512
asappracone	true	512
asaraujo	true	512
asasantos	true	512
asassaki	true	512
asawada	true	512
asazevedo	true	512
ascamara	true	512
ascarvalho	true	544
asdias	true	512
asena	true	512
asenne	true	512
asfreitas	true	512
asilva	true	512
asiqueira	true	544
asjsilva	true	512
asmartins	true	512
asoares	true	512
asobral	true	512
asoliveira	true	512
asousa	true	512
asouza	true	512
aspereira	true	512
asribeiro	true	512
assantos	true	512
AStolarz	true	512
ateixeira	true	512
atleite	true	512
atoledo	true	512
atrindade	true	512
atsantana	true	544
avalenzuela	true	512
avcortes	true	512
avelozo	true	512
aventurini	true	512
avnunes	true	512
avosilva	true	512
awippel	true	512
Awoliveira	true	512
azaraujo	true	512
azennaro	true	512
azsilva	true	512
basantos	true	512
bbraga	true	512
bbrilhante	true	512
bcerqueira	true	512
bcoliveira	true	512
bcosta	true	512
bdias	#N/D	512
besantos	true	512
bfgomes	true	544
bfmartins	true	512
bheijlen	true	544
bianca.antunes	true	512
bleite	true	512
blima	true	512
bloureiro	true	512
blourenco	true	512
blsilva	true	512
bmarchezini	true	512
BMendonca	true	512
bmenezes	true	512
bmiguel	true	512
bmmelo	true	544
bnlima	true	544
bpmarques	true	512
brendom.amaral	true	512
brpsilva	true	512
bruno.pacheco	#N/D	512
bsantiago	true	512
bsantos	true	512
bsenna	true	512
bsnascimento	true	512
bssantos	true	512
bvaz	true	512
bvitoria	true	512
bvitorino	true	544
bwoliveira	true	512
caasantos	true	512
caasilva	true	512
cabsilva	true	512
cacarvalho	true	512
cacsantos	true	512
cacsilva	true	512
cafonseca	true	512
caio.souza	#N/D	512
calves	true	512
camcosta	true	512
camorim	true	512
candrade	true	512
caoliveira	true	512
CAPSantos	true	512
caraujo	true	512
carlucio.sa	true	512
carosa	true	512
carsantos	true	512
CASantis	true	512
casantos	true	512
CASilva	true	512
Cassis	true	512
cavsilva	true	512
cbalbino	true	512
cbasques	true	512
cbelinek	true	544
cbezerra	true	512
cbiaso	true	512
cblima	true	512
cbnascimento	true	512
CBorges	true	512
cbraga	true	512
cbribeiro	true	512
CBSantos	true	512
cbusson	true	512
ccanuto	true	512
ccarvalho	true	512
ccastro	true	512
ccati	true	512
ccgoncalves	true	512
cchagas	true	512
ccoliveira	true	544
ccorrea	true	512
ccsantos	true	512
CDamasceno	true	512
cdbsouza	true	512
cefigueiredo	true	512
celima	true	512
cersilva	true	544
Cesilva	true	512
cfantoni	true	512
CFaria	true	512
cfarias	true	512
cfcalmeida	true	512
cfeitoza	true	512
cfelix	true	512
cflorentino	true	512
cfoliveira	true	512
Cfraga	#N/D	512
cfreitas	true	544
cfsilva	true	512
cgalves	true	512
cgarcia	true	512
cgoncalves	true	544
cgsilva	true	544
chacosta	true	512
chandrade	true	512
charles.junior	#N/D	512
chbraga	true	512
ChLSilva	true	512
choliveira	true	512
cinsantos	true	512
cisalves	true	512
cisidoro	true	512
cjesus	true	512
cjlopes	true	512
cjmoraes	true	512
cjustino	true	512
clasilva	true	512
claudsilva	true	512
Clausilva	true	512
clbarbosa	true	512
cleal	true	512
clesilva	true	512
clfilho	true	512
clgoncalves	true	512
clmoura	true	512
clsantos	true	512
clsilva	true	512
clssilva	true	512
cmboche	true	512
cmcunha	true	512
cmedeiros	true	512
cmeireles	true	512
cmelo	true	512
cmenicucci	true	512
cmiranda	true	544
cmnsilva	true	512
cmoura	true	512
cmuller	true	512
cnascimento	true	544
cnovaes	true	512
coguimaraes	true	512
coliveira	true	512
con_arsilva	true	512
con_sboiteux	true	512
con_Sfranzolin	true	512
con-aagaspar	true	512
con-aanunciacao	true	544
con-aastori	true	512
con-abarros	#N/D	544
con-abartolo	true	544
con-abattisti	true	512
con-abrsilva	true	512
con-absilva	true	544
con-acaguiar	true	512
con-acarreri	true	544
con-acarvalho	true	512
con-acbsilva	true	544
con-acmoura	true	544
con-acpaula	true	512
con-acsaraujo	true	544
con-acsilva	true	544
con-aentringer	#N/D	512
con-afarias	true	512
con-afoching	true	512
con-afrodrigues	true	512
con-agcarvalho	true	544
con-aghigo	true	512
con-aisilva	true	544
con-aksantos	#N/D	544
con-akung	true	512
con-alacerda	true	544
con-alaupereira	true	544
con-alivi	#N/D	512
con-allsilva	true	544
con-aloliveira	true	544
con-alpereira	true	512
con-alsantos	true	544
con-alssouza	true	544
con-amalmeida	true	544
con-amoreira	true	512
con-amoreno	true	512
con-amsantos	true	544
con-amssantos	true	512
con-ancsouza	true	544
con-anmartins	true	544
con-anovaes	true	512
con-aooliveira	true	544
con-apaula	#N/D	512
con-apavao	true	544
con-apimentel	true	512
con-apozzani	true	544
con-aramos	true	512
con-aroliveira	true	544
con-asaraujo	true	544
con-asbastos	true	512
con-aschitti	#N/D	512
con-asfernandes	true	544
con-asilverio	true	544
con-aspereira	true	544
con-aspessatto	true	544
con-assouza	true	544
con-athormann	true	544
con-ausilva	true	512
con-aviana	true	512
con-avoliveira	true	512
con-avsilva	true	544
con-ayousef	true	544
con-azipt	#N/D	512
con-bazevedo	true	512
con-bbsilva	true	544
con-bcastro	true	512
con-bcruz	true	544
con-besteves	true	512
con-bfamaral	true	544
con-bfsantos	true	544
con-bgoncalves	true	544
con-bhartog	#N/D	512
con-bleivas	true	544
con-blira	#N/D	512
con-bluna	true	544
con-bmachado	true	512
con-bmoliveira	true	544
con-bmulhmann	#N/D	512
con-boliveira	true	512
con-bpires	true	544
con-bpmachado	true	544
con-brusilva	true	512
con-bsmarques	true	544
con-btocantins	true	512
con-cafilho	true	544
con-calmeida	true	544
con-caraujo	true	512
con-carruda	true	544
con-cazevedo	true	544
con-cbarros	true	544
con-cbrandao	true	544
con-ccunha	true	544
con-cecolini	#N/D	512
con-cfabri	true	544
con-cfilho	true	512
con-cfpereira	true	544
con-cfreitas	true	544
con-cjonas	#N/D	512
con-clira	#N/D	512
con-cmafra	true	512
con-cmelo	true	544
con-cmenegassi	true	544
con-cmota	true	544
con-cpsoares	true	544
con-crjunior	true	512
con-crribeiro	true	512
con-crrodrigues	true	544
con-crsantos	true	544
con-csabion	true	544
con-csampaio	true	512
con-ctribeiro	true	544
con-daquino	true	544
con-dasilva	true	544
con-dbarboza	true	512
con-dbernardo	true	544
con-dboaventura	true	544
con-dboliveira	true	512
con-dcaldeira	true	544
con-dcasale	true	512
con-dcoelho	true	544
con-dduarte	true	544
con-desouza	true	512
con-disantos	true	544
con-dmartines	#N/D	512
con-dmcunha	true	544
con-dmoreira	true	544
con-dmoura	true	544
con-dmsilva	true	512
con-dmsoares	true	544
con-dpaula	true	544
con-dpsoares	true	512
con-dquevedo	true	544
con-dribeiro	true	544
con-dsanto21	true	512
con-DSILVA39	#N/D	512
con-dsrocha	true	512
con-dtome	true	512
con-dygomes	#N/D	512
con-earaujo	true	544
con-eblima	true	512
con-ecorreia	true	512
con-ecoutinho	true	512
con-ecutrim	true	544
con-eduarte	true	512
con-efagundes	true	544
con-eggomes	true	512
con-ehferreira	true	544
con-elamblet	true	512
con-eluz	true	544
con-emachado	true	544
con-enagasaki	true	544
con-enascimento	true	512
con-epires	true	544
con-erebello	#N/D	512
con-eribeiro	true	544
con-erufino	true	544
con-esantana	true	544
con-evaltolini	#N/D	512
con-evinhas	#N/D	544
con-exavier	true	544
con-farsantos	true	544
con-fbergstrom	true	544
con-fbitello	true	512
con-fcarlos	true	544
con-fcicarano	true	544
con-fdallolio	true	512
con-fdomingues	true	544
con-felima	true	512
con-femarques	true	512
con-fguimaraes	true	512
con-fhsilva	true	512
con-flsantos	true	544
con-fmachado	true	544
con-fnunes	true	544
con-freis	true	544
con-fsilva	true	512
con-ftmsantos	true	512
con-fwehmeister	#N/D	512
con-fzani	true	544
con-gaalmeida	true	544
con-gagoncalves	true	512
con-galcantara	true	544
con-garsilva	true	512
con-gborges	true	544
con-gbusinhani	#N/D	512
con-gcastilhos	true	544
con-gchiapin	true	544
con-gcolzani	#N/D	512
con-gconink	true	544
con-gcruz	true	512
con-gdavid	true	544
con-gdechoum	true	512
con-geosouza	#N/D	544
con-gferracioli	true	544
con-gflores	true	512
con-ggouveia	true	544
con-ghgonzalez	true	544
con-gleite	true	544
con-glferreira	true	544
con-glinhares	true	512
con-gmacedo	true	512
con-gmaion	#N/D	512
con-gmgomes	#N/D	544
con-gmsantos	true	544
con-gnoronha	true	512
con-gpaixao	true	512
con-gpaula	true	512
con-gramos	true	544
con-grsouza	true	544
con-gsouza	true	512
con-gstranieri	true	544
con-gvidal	true	544
con-haoliveira	true	512
con-hcmeirelles	true	544
con-hmaues	true	512
con-hodwyer	true	544
con-hsilva	true	512
con-hsouza	true	512
con-iabreu	true	512
con-ibento	true	512
con-icaetano	true	512
con-icosta	true	544
con-icsantos	true	544
con-igsilva	true	544
con-igsouza	#N/D	512
con-imacedo	true	544
con-ioliveira	true	512
con-ireymond	true	512
con-ivasconcelos	true	544
con-jaalves	#N/D	512
con-jamsantos	true	544
con-jaoliveira	true	544
con-jbcaetano	true	512
con-jbezerra	true	544
con-jboriollo	#N/D	512
con-jbsilva	true	544
con-jbsouza	true	544
con-jcruz	true	512
con-jdaraujo	true	544
con-jesilva	true	544
con-jfagundes	true	512
con-jferreira	true	544
con-jfsouza	true	544
con-jgoto	true	544
con-jgsantos	true	544
con-jguimaraes	true	544
con-jhsilva	true	544
con-jjunior	true	544
con-jlssantos	true	544
con-jmaciel	true	512
con-jmarcolino	true	512
con-JMART147	#N/D	512
con-jmendes	true	544
con-jmfernandes	true	512
con-josilva	#N/D	512
con-jpedro	#N/D	512
con-jpteixeira	true	544
con-jrnascimento	true	544
con-jrocha	true	544
con-jrpereira	true	512
con-jrsouza	true	544
con-jsacani	#N/D	512
con-jsantana	#N/D	512
con-jsantos	true	512
con-jsasso	true	544
con-jsene	true	544
con-jsouza	true	544
con-jssilva	true	544
con-jtsilva	true	512
con-kabarbosa	#N/D	544
con-kalmeida	true	544
con-kasilva	true	544
con-kguimaraes	true	512
con-kjusto	true	512
con-kklitzke	#N/D	512
con-kmsilva	true	544
con-ksouza	true	512
con-kvsilva	#N/D	512
con-lalmeida	true	544
con-lalopes	true	512
con-lamorim	#N/D	544
con-landrade	true	512
con-larodrigues	true	512
con-lbarboza	true	544
con-lbarcellos	true	544
con-lboas	true	544
con-lboaventura	true	544
con-lcarraro	true	544
con-lclima	true	512
con-lcsouza	true	544
con-ldias	true	544
con-legsantos	true	544
con-lelopes	true	512
con-lemelo	true	544
con-leoliveira	true	512
con-lessilva	true	512
con-lfalves	true	544
con-lfelix	true	512
con-lflohr	true	512
con-lfmattos	#N/D	512
con-lgbsilva	true	544
con-lgmelo	true	512
con-lgoetten	#N/D	512
con-lgomes	true	544
con-lgsilva	true	544
con-lhcanto	true	544
con-llemos	true	544
con-llima	true	544
con-lloureiro	true	544
con-lmartins	true	544
con-lmatos	true	544
con-lmendes	true	512
con-lmitter	true	512
con-lmonaco	true	512
con-lmsilva	true	512
con-lmssouza	true	544
con-locastro	true	512
con-losantos	true	512
con-lpaiva	true	544
con-lparis	true	512
con-lpeixoto	true	544
con-lperrotta	true	512
con-lpetrocino	true	544
con-lrferreira	true	544
con-lsbatista	true	512
con-lsepulveda	true	512
con-lsiqueira	true	544
con-ltartaro	true	544
con-ltomaz	true	544
con-ltvieira	true	544
con-lubonfan	#N/D	512
con-lucbarbosa	true	544
con-lucrsilva	true	544
con-lufsilva	true	512
con-lusantos	true	544
con-lusilva	true	544
con-lzeplin	true	544
con-malvarenga	true	512
con-malves	true	544
con-mamsilva	true	544
con-mapereira	true	512
con-MASANTO	#N/D	512
con-masilva	true	544
con-masouza	true	512
con-matsilva	true	512
con-mbarbosa	true	512
con-mbeak	true	544
con-mbrandao	true	544
con-mbride	true	544
con-mbsouza	true	512
con-mcornazzani	true	544
con-mcunha	true	544
con-mdsilva	true	544
con-mesantos	true	544
con-messantos	true	544
con-mfdias	true	512
con-mferna45	true	512
con-mferreira	#N/D	512
con-mflima	true	544
con-mflorentino	true	544
con-mgalvao	true	544
con-mgsouza	true	544
con-missantos	true	544
con-missilva	true	544
con-mjesus	true	512
con-mjunior	true	544
con-mlima	true	512
con-mlsouza	true	544
con-mmribeiro	true	512
con-mmsilva	true	544
con-mobatista	true	544
con-mpaula	true	512
con-mpimenta	true	512
con-mpmiguel	true	544
con-mpoliveira	true	544
con-mponte	true	512
con-mpossas	true	544
con-mpsilva	true	544
con-mribeiro	true	512
con-mrsilva	true	512
con-msakane	true	544
con-msilva	true	512
con-msilveira	true	512
con-msoares	#N/D	512
con-msomer	#N/D	512
con-msuque	true	544
con-musantos	true	544
con-mvasconcelos	true	544
con-mvgutierrez	true	512
con-mviana	true	544
con-mvsilva	true	544
con-mvtakechi	true	544
con-nbispo	#N/D	512
con-ncarvalho	true	544
con-ncorassini	true	544
con-ngarcia	true	512
con-nkferreira	true	512
con-nlapa	true	544
con-npsantos	true	544
con-nrocha	true	544
con-nsantos	true	512
con-nsarmento	true	544
con-nsmelo	true	544
con-oaraujo	true	544
con-ofreitas	true	544
con-olopes	true	512
con-omundt	true	544
con-pbotelho	true	544
con-pbrunelli	true	544
con-pcarlos	true	512
con-pcunha	true	512
con-pnobre	true	544
con-poliveira	true	512
con-ppgomes	true	544
con-prazini	#N/D	512
con-prbortoluzzi	true	512
con-prsilva	true	544
con-pssilva	true	512
con-pvinicius	true	512
con-ralhomsi	true	544
con-rbencardino	true	544
con-rbicca	true	512
con-rbock	#N/D	512
con-rborges	true	512
con-rbraatz	true	544
con-rcabral	true	544
con-rcampeas	true	512
con-rcardoso	true	512
con-rcoelho	#N/D	512
con-rcremonezi	true	512
con-rdonald	true	544
con-remerich	true	544
con-renascimento	#N/D	512
con-rfeitosa	#N/D	544
con-rfoliveira	true	544
con-rgastaldo	true	544
con-rgoncalves	true	512
con-rgreis	true	544
con-rgsantos	true	512
con-rgsilva	true	512
con-rhamanaka	true	512
con-ricosta	#N/D	512
con-rjsilva	true	544
con-rkissu	true	512
con-rmartins	#N/D	512
con-rmoacyr	true	544
con-rmoreira	true	544
con-rnascimento	true	512
con-rneves	#N/D	512
con-rogoncalves	true	512
con-romendonca	true	512
con-rpenteado	#N/D	512
con-rrcosta	true	544
con-rribeiro	#N/D	512
con-rrissi	true	512
con-RSHIMIZU	true	512
con-rslima	true	544
con-rsulzbacher	true	544
con-rtpinto	true	544
con-rudsilva	true	544
con-rvsilva	true	544
con-sagalucho	true	544
con-saoliveira	true	544
con-scosta	true	512
con-scpinheiro	true	544
con-sesouza	true	512
con-sjrodrigues	true	512
con-sknascimento	true	544
con-skula	true	544
con-slopes	true	512
con-sosantos	true	544
con-srocha	true	512
con-ssgomes	true	544
con-ssosantos	true	544
con-stishiki	true	512
con-storres	true	544
con-tasouza	#N/D	512
con-tbarradas	true	512
con-tconceicao	true	544
con-tdlima	true	512
con-tgomes	#N/D	512
con-tguedes	true	544
con-thsilva	true	512
con-tlima	true	544
con-tmartins	true	544
con-tpereira	true	544
con-tpoliveira	true	512
con-trodrigues	true	544
con-trsilva	true	544
con-tsalves	true	544
con-tsobral	true	512
con-ttoresan	true	544
con-twollner	true	544
con-tysouza	true	544
con-tzafani	true	544
conunes	true	512
con-valmeida	true	544
con-vasouza	true	544
con-vbraga	true	544
con-vconceicao	true	512
con-vcosta	true	512
con-vdias	#N/D	512
con-vfaria	true	544
con-visilva	true	544
con-vjacques	true	544
con-vjesus	#N/D	512
con-vlopes	#N/D	512
con-vmpsilva	true	544
con-vncosta	true	544
con-vpsoares	true	544
con-vrandrade	true	512
con-vsantoro	true	544
con-vsantos	true	544
con-vsilva	true	544
con-vsobreira	true	544
con-wconceicao	true	544
con-wcosta	true	544
con-wfribeiro	true	544
con-wgigliozzi	true	544
con-wgomes	#N/D	544
con-wirodrigues	true	544
con-wlima	true	544
con-wmendonca	true	512
con-wmonteiro	true	544
con-wrangel	true	512
con-wsantanna	true	544
con-wsbarbosa	true	544
con-wsilva	true	544
con-wsoliveira	true	512
con-ycsantos	true	544
con-yinacio	#N/D	512
con-ysantos	true	544
con-ysilva	#N/D	512
con-yusantos	true	512
cooliveira	true	512
cpalmeida	true	512
cpaula	true	512
cpereira	true	512
cpinto	true	544
CPitangueira	true	512
cposcidonio	true	544
cramos	true	512
crcarvalho	true	512
crcosta	true	512
crferreira	true	512
cribeiro	true	512
crioliveira	true	512
crocha	true	512
croliveira	true	512
crsantos	true	512
crsilva	true	512
crssilva	true	512
CRufino	true	512
csalata	true	512
csales	true	512
CSalgado	true	512
csalmazo	true	512
csaraujo	true	512
csaturnino	true	512
csbicalho	true	512
csborges	true	512
cschaves	true	512
cscholl	true	512
csedrez	true	512
csilva	true	512
csmelo	true	512
csoares	true	512
csouza	true	544
csrodrigues	true	512
cssouza	true	512
ctravassos	true	512
CTronco	true	512
cvalves	true	512
cvsilva	true	512
cwferreira	true	512
czristow	true	512
daasantos	true	512
daazevedo	true	512
dacoliveira	true	512
dacsilva	true	512
daferreira	true	512
daguiar	true	512
daisouza	true	512
dalenca	true	512
dalmeida	true	544
dalvarez	true	512
damarques	true	512
dandrade	true	512
danielle.pontes	true	512
david.rosa	true	512
dbaraujo	true	512
dbatalha	true	512
dbbarbosa	true	544
dbcarneiro	true	512
DBonato	true	512
dborges	true	512
dbueno	true	544
dcarneiro	true	512
dcarvalho	true	512
dcbarbosa	true	512
dcosmo	true	512
dcosta	true	512
dcrevelin	true	512
dcrodrigues	true	512
dcvieira	true	512
ddias	true	512
ddmiranda	true	512
ddteixeira	true	512
dduarte	true	512
debora.estima	true	512
deferreira	true	512
defsouza	true	544
delson.santos	#N/D	512
demiranda	true	512
DFaver	true	512
dfernandes	true	512
dferreira	true	512
dflores	true	512
dfonseca	true	512
dfoscarini	true	512
DFrank	true	512
dfsilva	true	512
dgoncalves	true	512
dgsilva	true	512
dhernandes	true	512
dhjesus	true	512
diamaral	true	512
dicarvalho	true	512
diego.d.santos	#N/D	512
diego.fernandes	true	512
diferreira	true	512
digsilva	true	512
diosilva	true	512
djacobsen	true	512
djasilva	true	544
djsilva	true	512
dkmartins	true	512
dladvig	true	512
dlcruz	true	512
dlima	true	512
dlino	true	544
dloliveira	true	544
dlopes	true	512
dmariano	true	512
dmarques	true	512
dmartins	true	512
dmeireles	true	512
dmelo	true	512
dmendes	true	512
dmenezes	true	544
Dmfilho	true	512
dmiranda	true	544
dmlima	true	512
dmoraes	true	512
dmsilva	true	512
DNeves	true	512
dnovaes	true	512
doaraujo	true	512
dogsilva	true	512
DOliveira	true	512
domarques	true	544
doreis	true	544
dorocha	true	512
DOSilva	true	512
dosouza	true	512
douglas.i.santos	true	512
douglas.santos	true	512
dpansini	true	512
dpeixoto	true	512
DPereira	true	512
dpmelo	true	512
dpmendes	true	512
drainha	true	512
drangel	true	512
drapereira	true	512
drcsilva	true	512
DReis	true	512
drhede	true	544
drosa	true	512
dsantos	true	512
dsbastos	true	512
dsdominguez	true	512
dsilva	true	512
dsmonteiro	true	512
dsoliveira	true	512
dsouza	true	512
DSpinheiro	true	512
dteixeira	true	512
duzuelli	true	512
dvalenca	true	512
dvenancio	true	512
dwill	true	544
eacarneiro	true	512
ealf	true	512
ealmeida	true	512
eamartins	true	512
eassis	true	512
ebarros	true	544
ebarth	true	512
ebatista	true	512
ebfreitas	true	512
ebgomes	true	512
eborella	true	544
ebraga	true	512
ebsantos	true	512
ebueno	true	512
ecalderaro	true	512
ecardoso	true	512
ecerri	true	512
echaves	true	512
eclima	true	512
ecmsantos	true	512
ecosta	true	544
ecsantos	true	512
ecsilva	true	512
edfpereira	true	512
edilson.junior	true	512
edisilva	true	512
edmsantos	true	512
edoliveira	true	512
EDPereira	true	512
edpsilva	true	512
edsantos	true	512
edsilva	true	512
edsondasilva	true	512
edsouza	true	512
eduardo.junior	true	512
eduardo.neto	#N/D	512
edyoliveira	true	512
efbarbosa	true	512
eferreira	true	512
efigueira	true	512
efiorin	true	544
efsantos	true	512
efsilva	true	512
egalo	true	512
egoncalves	true	512
ehbraga	true	512
ehsilva	true	512
ejacinto	true	512
ejalmeida	true	512
EJaques	true	512
ejosouza	true	512
ejsantos	true	512
ekreisig	true	512
elemes	true	512
elemos	true	512
elisboa	true	512
elnunes	true	544
elramos	true	544
ELSouza	true	512
emachado	true	512
emagalhaes	true	512
emalmeida	true	512
emarcolino	true	512
emcarvalho	true	512
emeirelles	true	544
emelo	true	512
emendonca	true	512
emesquita	true	512
emeurer	true	512
emfsantos	true	512
emmartins	true	512
emmendonca	true	512
emonteiro	true	512
emsilva	true	512
emuniz	true	544
enascente	true	512
eosantos	true	512
EPeixoto	true	512
epereira	true	512
epezzini	true	512
epires	true	512
epsantos	true	512
eralves	true	512
erasilva	true	512
erjsilva	true	512
erodrigues	true	512
eroliveira	true	512
eronsani	true	512
ERPereira	true	512
esanchez	true	512
esantiago	true	512
esarmento	true	512
ESChneider	true	512
esconceicao	true	512
esilva	true	512
esmendes	true	512
esodre	true	512
esoliveira	true	544
esoncini	true	512
esousa	true	512
esouza	true	512
essantiago	true	512
essantos	true	512
essilva	true	512
etakeuti	true	512
EValente	true	512
evbatista	true	544
evbraga	true	512
eventorim	true	512
eversilva	true	512
evroliveira	true	512
evsilva	true	512
evsoares	true	512
evsouza	true	512
ezamboni	true	512
ezandona	true	512
faalmeida	true	512
faasilva	true	512
fabarbosa	true	512
facastro	true	512
faferreira	true	512
fafranco	true	512
FAguiar	true	512
falbuquerque	true	512
famorim	true	512
famsantos	true	512
faoliveira	true	512
fapmoura	true	512
faraujo	true	512
farce	true	512
fasantos	true	512
fassuncao	true	512
fbalassiano	true	512
fbarreira	true	512
fbatista	true	512
fbdias	true	512
fbelo	true	512
fbernardo	true	512
fbini	true	512
fbraga	true	512
fbrandao	true	512
fcalmeida	true	512
fcamargo	true	512
fcamelo	true	512
fcamilo	true	512
fcancio	true	512
fcapponi	true	512
fcharao	true	512
fcoelho	true	512
fcsantos	true	544
fcsilva	true	512
fdamasio	true	512
FDaoualibi	true	512
fdias	true	512
ffaria	true	512
ffcosta	true	512
ffonseca	true	512
ffpereira	true	512
ffranco	true	512
ffroes	true	512
ffsantos	true	512
FFSilva	true	512
fgeraldo	true	512
fggomes	true	512
fgomes	true	512
fgsantos	true	512
fhsantos	true	544
fisantos	true	544
fjbarbosa	true	512
fjesus	true	512
fjgomes	true	544
fjjesus	true	512
fjnascimento	true	512
fjsilva	true	512
flopes	true	512
flosouza	true	512
flsoares	true	512
flssilva	true	512
fmacedo	true	512
fmarcicano	true	512
fmassis	true	544
fmattos	true	512
fmbarboza	true	544
fmelo	true	512
fmergulhao	true	512
fmerouco	true	512
fmfbarros	true	512
fmonte	true	512
fmonteiro	true	544
fmrodrigues	true	512
fnakashima	true	512
fnascimento	true	512
fnsilva	true	512
fnsouza	true	512
fnunes	true	512
fodias	true	512
foliveira	true	512
fpaiva	true	512
fpenedo	true	512
fpereira	true	512
fpfrancellino	true	512
FPOliveira	true	512
framorim	true	512
frandrade	true	512
frbsantos	true	512
frcandrade	true	512
frcosta	true	512
freduzino	true	512
frodrigues	true	512
frsoliveira	true	544
fsaguiar	true	512
FSantos	true	512
FSilva	true	512
fsiqueira	true	512
fslopes	true	512
fsoares	true	512
fsoliveira	true	512
fsousa	true	512
fssantiago	true	512
gabriel.maion	true	512
gabriel.quintella	#N/D	512
gabriel.romero	true	512
gacosta	true	544
gafernandes	true	512
gaffonso	true	512
gagostineli	true	512
galcantara	true	512
galmeida	true	512
gasampaio	true	512
gbarone	true	544
gbarros	true	512
gbbrito	true	512
gbezerra	true	512
gboliveira	true	512
gbragagnollo	true	512
gcabral	true	512
gcandeias	true	512
gcardoso	true	512
gcasilva	true	512
gcastro	true	512
gchossani	true	512
gchsouza	true	512
gcoelho	true	512
gcorrea	true	544
gcosta	true	512
gcsilva	true	512
gcssilva	true	512
gedeilson.nascimento	true	512
geduardo	true	512
geisilva	true	512
gesilva	true	512
gfasilva	true	512
gfernandes	true	512
gferraz	true	512
gfigueiredo	true	512
gflausino	true	512
gfnascimento	true	512
gfpinto	true	512
Gfrade	true	512
gfsilva	true	512
gfsoares	true	512
gfukuya	true	512
gglima	true	512
ggois	true	512
ggomes	true	512
gguedes	true	512
ghamann	true	512
gholiveira	true	512
giaraujo	true	512
gilmsilva	true	512
gilpsilva	true	512
gilvan.fernandes	#N/D	512
gisele.silva	true	512
gjcosta	true	512
gjcsilva	true	512
gjpsilva	true	512
GJSilva	true	512
gkartalian	true	512
gleffa	true	512
glopes	true	512
glsilva	true	512
gmaciel	true	512
gmatias	true	512
gmeira	true	512
GMello	true	512
gmpereira	true	512
gmsilva	true	512
gncosta	true	512
gnoliveira	true	512
gnsantos	true	512
GOliveira	true	512
gpereira	true	512
gpimentel	true	512
gpoliveira	true	512
gprabelo	true	512
gpsilva	true	512
gqbezerra	true	512
grasielle.silva	true	512
grferreira	true	512
gribeiro	true	512
grocha	true	512
groliveira	true	512
gsantana	true	544
gsantos	true	512
gsilva	true	512
gsilveira	true	512
gsimas	true	512
gsiqueira	true	512
gslima	true	512
gsoliveira	true	512
gsouza	true	512
gssantana	true	512
gstepanski	true	544
gstringhi	true	512
gtasca	true	512
gtsilva	true	512
guilherme.moreira	true	512
guoliveira	true	512
gussantos	true	512
gustavo.gouveia	true	512
gvenceslau	true	512
gvolpiano	true	512
gvsantos	true	512
GZanette	true	512
handrade	true	512
hbarros	true	512
hbrito	true	512
hcarreiro	true	512
hcarvalho	true	512
hcoliveira	true	512
hcosta	true	544
henrique.silva	#N/D	512
herocha	true	512
hfigueredo	true	512
hgadonski	true	512
hkoning	true	512
hmaeda	true	512
hmaia	true	512
hmoraes	true	512
hmorais	true	544
hoiko	true	512
holiveira	true	512
hpereira	true	512
hraphael	true	512
hrocha	true	512
hrodrigues	true	544
hsantos	true	512
hsloboda	true	544
hsouza	true	512
hssantos	true	512
hvasconcelos	true	512
hvieira	true	512
ialves	true	512
iaugusto	true	512
ibarreto	true	512
ibendo	true	512
iblanco	true	544
icaro.soares	true	512
iconceicao	true	512
icorrea	true	544
idomingues	true	512
ieneas	true	512
iferreira	true	512
ifrantov	true	512
igarcia	true	512
ijsilva	true	512
ijunior	true	512
ileiras	true	512
imartins	true	512
imotta	true	544
IMoura	true	512
impereira	true	512
imribeiro	true	512
insantos	true	512
ioliveira	true	512
iopereira	true	512
iramundo	true	544
ircampos	true	512
ircsilva	true	512
irribeiro	true	512
isabela.pereira	true	512
isamaral	true	544
isantana	true	544
isilva	true	512
isribeiro	true	512
isrsantos	true	512
issouza	true	512
ivieira	true	512
ivsilva	true	512
jaalmeida	true	512
jaalves	true	512
jaasouza	true	512
jacruz	true	512
jacson.santos	#N/D	512
jafarias	true	512
jagferreira	true	512
jaguiar	true	512
jaissantos	true	512
jaiub	true	512
jalmeida	true	512
jalonge	true	512
jamartins	true	512
jamorim	true	512
JAndrade	true	512
janfsantos	true	512
janrodrigues	true	512
jansilva	true	512
japolinario	true	512
jaquino	true	512
javila	true	512
jazeredo	true	512
jbamberg	true	512
jbcardoso	true	512
jbelfort	true	512
jboliveira	true	512
jbraga	true	512
jcardoso	true	512
jcarvalho	true	512
jccastro	true	512
jccouto	true	512
jcdsouza	true	512
jchaves	true	512
jcnascimento	true	512
jcorreia	true	512
jcsilva	true	512
jcurcino	true	512
jcvmadeira	true	512
jczarnik	true	512
jdavanso	true	512
jdias	true	512
jealves	true	512
jecsilva	true	512
jeferson.ardigor	#N/D	512
jefferson.silva	true	512
jemediato	true	512
jeoliveira	true	512
JEpereira	true	512
jeribeiro	true	512
jeu.gregorio	true	512
jevangelho	true	512
jfaria	true	512
jfcosta	true	512
JFerreira	true	512
jfgoliveira	true	512
jfhsilva	true	512
Jfigueiredo	true	512
jfilho	true	544
jfranco	true	512
jfrocha	true	512
JFSimoes	true	512
jgaraujo	true	512
jgarcia	true	512
jgaviao	true	512
jgcosta	true	544
jgoldhar	true	512
jgreis	true	512
jgrosso	true	512
jgsilva	true	544
jhaber	true	512
jiabreu	true	512
jielo	true	512
jisilva	true	512
jjborges	true	512
jjfernandes	true	512
jjnsilva	true	512
jkades	true	512
jlazari	true	512
jlborges	true	512
jlcruz	true	512
jldias	true	512
jlferreira	true	544
jlima	true	512
jlopes	true	512
jlrodrigues	true	512
jlsouza	true	512
jlutke	true	512
jluvizotto	true	512
jlximenes	true	512
jmacelino	true	512
jmachado	true	544
jmaciel	true	512
jmagalhaes	true	512
jmandaro	true	512
jmarcelino	true	512
jmarques	true	512
jmartins	true	512
JMedeiros	true	512
jmelo	true	512
jmendonca	true	512
JMoliveira	true	512
JMoreira	true	512
jmsilva	true	544
jnascimento	true	512
joaofsilva	true	512
jocnascimento	true	512
jocsilva	true	512
jofsilva	true	512
jogsilva	true	544
JoiSouza	true	512
jojsilva	true	512
jojunior	true	512
JOliveira	true	512
jomoliveira	true	512
jonascimento	true	512
jonsilva	true	512
JOOliveira	true	512
jopinto	true	512
JorSilva	true	512
jose.junior	true	512
josilva	true	512
jovsilva	true	512
jpasilva	true	512
jpedreira	true	512
jpedrosa	true	512
jpena	true	512
jperico	true	512
jpoliveira	true	512
jpossidonio	true	512
jppontes	true	512
jpsilva	true	512
jpsouza	true	512
jqandrade	true	512
jrabelo	true	512
jramm	true	512
JRamos	true	512
jrcarvalho	true	512
jribeiro	true	544
JRocha	true	512
jroliveira	true	512
jrsilva	true	512
JSamuel	true	512
jsantos	true	512
jschimit	true	544
jsdantas	true	512
jsdias	true	512
jsgsilva	true	512
JSimoes	true	512
jsousa	true	512
jsvinagre	true	512
jteixeira	true	512
jtibaes	true	512
jtrarbach	true	544
JTSilva	true	512
juan.santos	true	512
jubsilva	true	512
Jucarvalho	true	512
jucsilva	true	512
julio.macedo	#N/D	512
julpereira	true	512
julsilva	true	512
jumonteiro	true	512
jvaz	true	512
jvelasco	true	512
jvieira	true	512
jvoliveira	true	512
jvsilva	true	512
JVSoares	true	512
jzeidler	true	512
kalves	true	512
kamaral	true	544
kasilva	true	512
kblima	true	512
kbsilva	true	544
kcalmeida	true	544
KCardoso	true	512
Keugenio	true	512
KFernandes	true	512
kfialho	true	512
kfigueiredo	true	512
kgsouza	true	512
khofe	true	544
KLeal	true	512
klferreira	true	512
klima	true	512
kmartins	true	512
Kmoncao	true	512
kmonteiro	true	512
kmsilva	true	512
knienow	true	512
koliveira	true	544
kphilogene	true	512
ksouza	true	512
labreu	true	512
laercio.silva	true	512
lafernandes	true	512
lalencar	true	512
lalves	true	512
lanascimento	true	512
lanjos	true	512
lantunes	true	544
laramos	true	512
laraujo	true	512
lasantos	true	512
lbadiani	true	512
lbarros	true	512
lberwanger	true	512
lblima	true	512
lbminarini	true	512
lbrandao	true	512
LBrouck	true	512
lbsilva	true	512
lbspereira	true	512
lcamelo	true	512
lcanto	true	512
lcardoso	true	512
lcarlos	true	512
lcasali	true	512
lcjardim	true	544
lcmenezes	true	512
lcordeiro	true	512
lcosta	true	512
lcramos	true	544
lcruz	true	512
lcucolotto	true	512
lcunha	true	512
ldaraujo	true	512
ldayer	true	512
LDillmann	true	512
LDiniz	true	512
ldnichele	true	512
ldpinheiro	true	544
leandro.faria	true	512
learaujo	true	544
leasilva	true	512
lecosta	true	512
lecunha	true	512
leifert	true	512
lelsilva	true	512
lenascimento	true	544
leonam.silva	true	512
leonardo.rodrigues	true	512
leosouza	true	544
lesoliveira	true	512
LeSouza	true	512
lessantos	true	512
leticia.barros	true	512
lfarias	true	512
lfcarvalho	true	512
lfeitosa	true	512
lfernandes	true	512
lfirpe	true	512
lfnascimento	true	544
lfranca	true	512
lfrancisco	true	512
lfreire	true	512
lfreires	true	512
lfsilva	true	512
lfssilva	true	544
lgati	true	512
lgcarvalho	true	512
lgferreira	#N/D	512
lgmattos	true	512
lgoulart	true	544
lgsilva	true	544
lgteixeira	true	512
LHEleuterio	true	512
lidiane.quintanilha	true	512
ljneves	true	512
llandy	true	512
llelis	true	512
llennertz	true	512
llima	true	512
llisboa	true	512
LLSilva	true	512
lltavares	true	512
lmacedo	true	512
lmaia	true	512
lmaralin	true	512
lmarcelino	true	512
lmartins	true	512
Lmateus	true	512
lmattos	true	512
lmeira	true	512
lmenezes	true	512
lmilk	true	512
lmoraes	true	512
lmorato	true	544
lmoreira	true	512
lmribeiro	true	512
lmsantos	true	512
lmsouza	true	544
lnalmeida	true	544
lnmartins	true	512
lnsouza	true	512
loassis	true	544
lobarbosa	true	512
loliveira	true	512
losantos	#N/D	512
lpadovani	true	512
lpandrade	true	512
lpavolak	true	544
lpedro	true	512
lpereira	true	512
lpezin	true	512
lpinho	true	512
lpires	true	512
lplima	true	512
lpmaio	true	512
lpoliveira	true	544
lprado	true	512
lramalho	true	512
lramires	true	512
lramos	true	512
lrego	true	544
lreis	true	512
lrenosto	true	512
lresende	true	512
lrfreitas	true	512
lribeiro	true	512
lrinaldi	true	512
lrmartins	true	512
lrmeireles	true	512
lromagnoli	true	512
lrsantos	true	544
lrsilva	true	512
lrufino	true	544
lsa	true	512
lsabino	true	512
lscastilho	true	544
lschafer	true	512
lscsilva	true	544
lsica	true	512
lsimoes	true	512
lsiqueira	true	544
lslima	true	512
lsnunes	true	512
lsodre	true	544
lssilva	true	512
ltavares	true	512
lteixeira	true	512
ltheodoro	true	512
LThome	true	512
ltorquetti	true	512
ltsilva	true	512
luandrade	true	544
lucas.v.silva	#N/D	512
lucoliveira	true	512
LuCruz	true	512
luferreira	true	512
lurosa	true	512
LUSilva	true	512
lusoliveira	true	512
lussantos	true	512
lussilva	true	544
luteixeira	true	512
LUvieira	true	512
lvalentino	true	512
lvalle	true	512
lvaraujo	true	512
lvasconcelos	true	512
lvbarros	true	544
LVeiga	true	512
lviveiros	true	512
lvsilva	true	544
LZamparo	true	512
maapereira	true	512
maapinto	true	512
maasantos	true	512
mabram	true	512
macdias	true	512
macinielson.amador	true	512
madguimaraes	true	512
madias	true	512
MADuarte	true	512
maferreira	true	512
maioliveira	true	512
majunior	true	512
MALima	true	512
malmeida	true	512
malo	true	512
malves	true	512
mamelo	true	544
mamsantos	true	512
mamsoares	true	512
manselmo	true	544
maoliveira	true	512
maosilva	true	512
marcos.vieira	true	512
marezende	true	544
MArgolo	true	512
maribeiro	true	512
MariSantos	true	512
marisouza	true	544
marlima	true	512
marmoreira	true	512
marrferreira	true	512
marsilva	true	512
maryelle.leao	true	512
masilva	true	512
masoliveira	true	512
masouza	true	512
matheus.messias	true	512
maufernandes	true	512
mavargas	true	512
mbalmeida	true	512
mbaptista	true	512
mbarros	true	512
mberocha	true	544
mbevilacqua	true	512
MBomfim	true	512
mborges	true	512
mbraga	true	512
mbranco	true	512
mbranquinho	true	512
mbrito	true	512
mbritto	true	512
mbzucolotto	true	512
mcaetano	true	512
mcalbusch	true	512
mcardoso	true	512
mcarvalho	true	512
mchaves	true	512
mcramos	true	512
mcrisostomo	true	512
mcrvieira	true	512
mcsaraujo	true	512
mcsilva	true	512
mdettoni	true	512
mdlima	true	544
mdsilva	true	512
mduarte	true	512
meramos	true	512
mersilva	true	512
mesilva	true	512
mevieira	true	512
mfarias	true	512
mfernandes	true	544
mferreira	true	512
mfirmino	true	512
MFisch	true	512
mfpereira	true	512
mfritz	true	512
mfsales	true	544
mfsantos	true	512
mgabrich	true	512
mgfsantos	true	512
mggrodrigues	true	512
mghedini	true	512
mgheno	true	512
mgrochovski	true	512
mguedes	true	544
mhonorato	true	512
mhsilva	true	512
mialmeida	true	512
migsantos	true	512
milson.jaques	#N/D	512
MiMarques	true	512
mipalves	true	512
Mjacobs	true	512
mjcarvalho	true	512
mjcoelho	true	512
mjesus	true	512
mjodar	true	512
mjoia	true	512
MJunior	true	512
mlaurenciano	true	512
mlause	true	512
Mlazevedo	true	512
mlbsouza	true	544
mlemos	true	512
mlguimaraes	true	512
MlMiranda	true	512
MLopes	true	512
mlorena	true	512
mlsousa	true	512
mmagalhaes	true	512
MManfredinho	true	512
Mmarcondes	true	512
mmaus	true	512
mmedeiros	true	512
mmello	true	512
mmenezes	true	512
mmguimaraes	true	512
MMitraud	true	512
mmnetto	true	512
mnascimento	true	512
mnetto	true	512
mnferreira	true	512
mnogueira	true	544
mnoliveira	true	544
mnorat	true	512
molimpio	true	512
moliveira	true	512
mpagamicce	true	512
mpalves	true	512
mpaoliveira	true	512
MPetrulis	true	512
mpferreira	true	512
mpinheiro	true	512
mprates	true	512
mpsouza	true	544
mramos	true	512
mreis	true	512
MRezende	true	512
mrferreira	true	512
mrlima	true	512
mrluz	true	512
mrmoura	true	512
mroliveira	true	544
mrosa	true	512
mrrocha	true	512
mrsouza	true	544
MSaldanha	true	512
msampaio	true	512
msantos	true	512
msavastano	true	512
msbatista	true	544
mscarvalho	true	512
MSCosta	true	512
msenger	true	512
msferreira	true	512
msiqueira	true	512
msouza	true	512
mspereira	true	544
msreis	true	512
msrodrigues	true	544
mssilva	true	512
mstival	true	544
mszeremeta	true	512
mtavares	true	512
mtlopes	true	544
mtridapalli	true	512
mtrigo	true	512
mtrolesi	true	512
mtsilva	true	544
musantos	true	512
mvalczak	true	512
MVargas	true	512
mvasconcelos	true	512
mvasilva	true	512
mvcordovez	true	512
mvcosta	true	512
mvieira	true	512
mvjesus	true	512
mvoliveira	true	512
mvsantos	true	512
mvsilva	true	512
mwille	true	512
mxavier	true	544
myareis	true	512
mysilva	true	512
mzanarotti	true	544
NaGrevet	true	512
nataasilva	true	512
nbonfim	true	512
ncardozo	true	512
ncarmo	true	544
ncocato	true	512
ncrodrigues	true	544
ncteixeira	true	512
ncvilena	true	512
nfaria	true	512
nfigueira	true	512
NFsilva	true	512
ngalmeida	true	512
nlmattos	true	512
nmsilva	true	512
nnunes	true	544
noliveira	true	512
npequeno	true	512
npessanha	true	512
nribeiro	true	512
nrodriguez	true	512
nsales	true	512
nsantos	true	512
nsilva	true	512
nsouza	true	512
oboliveira	true	512
OCaldeira	true	512
octavio.freitas	true	512
ofernandes	true	512
olima	true	512
olins	true	512
olsilva	true	512
OMello	true	512
omilkievicz	true	512
orodrigues	true	512
ossilva	true	512
ovalet	true	512
pagsantos	true	512
palmeida	true	512
pamaral	true	512
pamaro	true	512
panete	true	512
paragao	true	512
pasantos	true	512
patrick.souza	#N/D	512
paulo.bastos	true	512
pbrandao	true	512
PCampos	true	512
pcapriata	true	512
PCastiglioni	true	512
pcbonfante	true	512
pccarneiro	true	512
pcoelho	true	512
pcoimbra	true	512
pcosta	true	512
pdasilva	true	512
pdirk	true	512
pdsouza	true	512
peoliveira	true	512
pfeitosa	true	512
pfigueiredo	true	512
pfracasso	true	512
pgmello	true	512
pgomes	true	544
pguimaraes	true	512
phgoncalves	true	512
PHOliveira	true	512
pinacio	true	512
PJesus	true	512
pkuster	true	512
pleite	true	512
plemes	true	544
plmello	true	512
ploureiro	true	512
pmaceno	true	512
pmattos	true	512
pmcosta	true	512
PMello	true	512
pmoraes	true	512
pmotta	true	512
pmoura	true	512
pmsantos	true	512
pnascimento	true	512
potsuka	true	512
ppinto	true	512
ppreis	true	512
pqsilva	true	544
pribeiro	true	512
prodrigues	true	512
PROliveira	true	512
prsantos	true	512
psantos	true	512
psaturnino	true	512
psilveira	true	512
psnascimento	true	512
pssantos	true	512
ptrajano	true	512
pvrodrigues	true	512
qmesquita	true	512
qssilva	true	512
r.souza	true	512
raborges	true	544
racorrea	true	512
radsilva	true	544
rafleite	true	512
ragomes	true	512
raguiar	true	512
ralbarado	true	512
ralbuquerque	true	512
raleite	true	512
ralmeida	true	512
ralves	true	512
ramoreira	true	512
ramsilva	true	512
randrade	true	512
randreola	true	512
rantonio	true	512
rantunes	true	512
raoliveira	true	544
raqsilva	true	512
raraujo	true	512
raribeiro	true	512
rarosa	true	512
rarruda	true	512
rasantos	true	512
rasousa	true	512
rasouza	true	512
rbaeta	true	512
rbahiense	true	512
rbandeira	true	512
rbandrade	true	512
rbaptista	true	512
rbarankievicz	true	544
rbarao	true	512
rbarboza	true	512
rbarros	true	512
rbasantos	true	512
rbasilio	true	544
rbatista	true	512
rbelasques	true	512
rbelonia	true	512
rbenvenuto	true	512
RBorges	true	512
rbranda	true	544
rbucher	true	512
rbugalho	true	512
rcamargo	true	512
rcampos	true	512
rcandal	true	512
rcasotti	true	512
rcatarina	true	512
rcbarros	true	512
RCBraga	true	512
rccorrea	true	512
rcgomes	true	512
rclsilva	true	512
rcoliveira	true	544
rcollarino	true	512
rcorrea	true	512
rcosta	true	512
rcpsilva	true	512
rcravo	true	512
rcsantos	true	544
rcsilva	true	544
rcvcosta	true	512
rdomeciano	true	512
reborges	true	512
relima	true	512
remoreira	true	512
renan.r.silva	true	512
renata.lage	true	512
renfsilva	true	512
rensilva	true	512
RERibeiro	true	512
ressantos	true	512
revangelista	true	512
rfaria	true	512
rfarinelli	true	512
RFCardoso	true	512
rfjunior	true	512
rflima	true	512
rfmoreira	true	512
rfmoura	true	512
rfraga	true	512
rfreire	true	512
rfreis	true	512
rfsilva	true	512
rgcosta	true	544
rgsilva	true	512
rgsouza	true	512
rhartmann	true	512
rhmoreira	true	512
rhora	true	512
ricardo.barros	true	512
rikeziri	true	512
ripsantos	true	512
risantos	true	512
rjesse	true	512
rjramos	true	512
rjribeiro	true	512
RKlein	true	512
rkmartins	true	512
rkometani	true	512
rlcavalcante	true	512
rloliveira	true	512
rlomba	true	512
rlsarmento	true	544
rlsouza	true	512
rluca	true	512
rmacacari	true	544
rmalves	true	512
rmarcal	true	512
rmarques	true	544
rmartins	true	544
rmcorreia	true	512
rmeirelles	true	512
rmiranda	true	512
rmoura	true	512
rmsantos	true	544
rncosta	true	512
rnoernberg	true	512
rnoliveira	true	512
rnrodrigues	true	512
RNSantos	true	512
rnunes	true	512
roantunes	true	512
robert.pereira	#N/D	512
robison.silva	true	512
rocardoso	true	512
rochiucci	true	512
rofernandes	true	512
rogduarte	true	512
rogomes	true	512
roliveira	true	512
romildo.gomes	#N/D	512
ronoliveira	true	512
ronpereira	true	544
ropereira	true	512
rorsantos	true	544
rosilva	true	512
rosouza	true	512
rosssantos	true	512
rovieira	true	512
rpacheco	true	512
rpadilha	true	512
rpamplona	true	512
rpeixoto	true	512
rpereira	true	512
rperes	true	512
rperrut	true	512
rpferreira	true	512
rpimenta	true	544
rpinho	true	512
rpires	true	512
rpoliveira	true	512
rpsantos	true	512
RPSilva	true	512
rputini	true	512
rramos	true	512
rrcardoso	true	512
rrego	true	544
rrisi	true	512
rritter	true	512
rrodrigues	true	512
rrofino	true	512
rrosa	true	512
rrreis	true	512
rrsilva	true	512
rruiz	true	512
rrvieira	true	544
rsa	true	512
rsantana	true	512
rsantini	true	512
rsantos	true	512
rsarmento	true	512
rscaramella	true	512
rschmidt	true	512
rsferreira	true	512
rsilva	true	512
rsilveira	true	512
rsipauba	true	512
rsmario	true	512
rsoares	true	512
rsoliveira	true	544
rsousa	true	512
rsouza	true	512
rspinheiro	true	512
rssantos	true	512
rssoares	true	512
rterra	true	512
rtheiss	true	512
RTonietto	true	512
rtoste	true	512
rtrodrigues	true	512
rtsantos	true	512
rvalentim	true	512
rvasconcellos	true	512
rvaz	true	544
rvessone	true	512
rvidal	true	512
rvillela	true	544
rvmelo	true	512
rvmendes	true	512
rwcosta	true	512
rwill	true	512
rwsilva	true	512
rwsouza	true	512
rximenes	true	512
saasilva	true	512
sacunha	true	512
salencar	true	512
SAlexandre	true	512
salmeida	true	512
salvim	true	512
sambrosio	true	512
sansantos	true	512
sarzevedo	true	512
sasantos	true	512
sassis	true	512
sbarboza	true	512
sbeal	true	512
SCarmo	true	512
scassiano	true	512
scazarim	true	512
scbarros	true	512
scoelho	true	512
scosta	true	512
scoura	true	512
scouto	true	512
scrodrigues	true	512
scsartori	true	544
sebasilva	true	512
sescobar	true	512
sesilva	true	512
sferreira	true	512
sfigueiredo	true	512
sfreire	true	512
sfreitas	true	544
sgoliveira	true	512
sguimaraes	true	512
shsantos	true	512
shv_abaptista	true	512
SiSouza	true	512
sjunior	true	544
sjustino	true	512
skluft	true	512
sleal	true	544
SLopes	true	512
slrosa	true	512
smattos	true	512
smoreira	true	512
socarvalho	true	512
spcosta	true	544
spedrosa	true	512
spompeu	true	512
sprado	true	512
spsantos	true	512
srazevedo	true	512
sribeiro	true	544
srmelo	true	512
srocha	true	512
SROliveira	true	512
srvieira	true	512
ssantos	true	512
ssene	true	512
ssfigueiredo	true	512
ssilva	true	512
ssimas	true	512
sssantos	true	512
storres	true	512
svasconcellos	true	512
svieira	true	512
sxavier	true	512
szanelli	true	512
tabsilva	true	512
talmeida	true	512
taoliveira	true	512
taraujo	true	512
tasilva	true	512
tassio.santana	true	512
tassuncao	true	512
tbarreto	true	512
TBelo	true	512
tbnascimento	true	544
tboin	true	512
tbonfim	true	544
tbpinheiro	true	512
tbrayner	true	512
tbrito	true	544
tcamilo	true	512
tcgomes	true	512
TCorrea	true	512
tcorsi	true	512
tcsantos	true	544
tcsilva	true	512
tcunha	true	512
tfaraujo	true	512
tfischer	true	512
tfraga	true	512
tfunes	true	512
tgama	true	512
tglima	true	512
tgontijo	true	512
tgonzaga	true	512
thalita.oliveira	true	512
thbsilva	true	512
thhsilva	true	512
thsilva	true	512
tirocha	true	544
tjsilva	true	512
TJunior	true	512
tksilva	true	544
TLamberty	true	512
tlcastro	true	512
tlessa	true	544
tmartins	true	512
tmatos	true	512
tmoncao	true	544
tmvasconcellos	true	512
toliveira	true	512
tpinatti	true	544
tpinheiro	true	512
trcalves	true	512
trocha	true	544
trosario	true	544
tsantarem	true	544
tsantos	true	512
tscanivello	true	512
tsouza	true	512
tspinto	true	512
tssilva	true	512
ttavares	true	512
ttoelp	true	512
txcosta	true	544
uabracado	true	512
UGrespan	true	512
uoliveira	true	512
usoares	true	512
vaguiar	true	512
vajunior	true	512
valderic.soares	true	512
valmir.machado	true	512
vanacleto	true	512
vandrade	true	512
vaoliveira	true	512
vasouza	true	512
vazevedo	true	512
Vbarcelos	true	512
vbento	true	512
vbsilva	true	512
vcamargo	true	512
vcardoso	true	512
vcarneiro	true	512
vcolaco	true	512
vcruz	true	544
VCsantos	true	512
velopes	true	512
vfaria	true	512
vfelix	true	512
vfernandes	true	512
VFilho	true	512
VFilippe	true	512
vfoliveira	true	512
vfrade	true	512
vfreitas	true	512
VFSilva	true	512
vgaraujo	true	512
vgraciano	true	544
vicsilva	true	512
vinicius.ferreira	true	512
vitor.carvalho	true	512
vjunior	true	544
vlavinas	true	512
vlemos	true	512
vlferreira	true	512
vlucena	true	512
vmalta	true	512
vmbatista	true	512
VMedeiros	true	512
VMorente	true	512
vmsilva	true	512
vnassae	true	512
vnobrega	true	512
vnoro	true	512
vorsi	true	544
vpaiolla	true	512
vpecanha	true	512
vpoliveira	true	512
vreboucas	true	512
vreis	true	512
vrfcarvalho	true	512
vroalves	true	512
vsales	true	544
vsantana	true	512
vsantos	true	512
vscsilva	true	512
vsilva	true	512
vsoliveira	true	512
vsouza	true	512
vteixeira	true	512
vtellis	true	512
VVedovelo	true	512
vvirginio	true	512
vvmorais	true	512
wacsantos	true	512
wagoncalves	true	512
walbertoni	true	512
wangelino	true	544
waoliveira	true	512
wbaeta	true	512
wbarbosa	true	544
wbarroso	true	512
wbribeiro	true	544
wcardoso	true	512
wchaves	true	544
WDutra	true	512
wecardoso	true	512
wecsilva	true	512
wemerson.santos	#N/D	512
werbiste	true	512
wevangelista	true	512
wferreira	true	512
wfigueredo	true	512
wgabriel	true	512
wisilva	true	512
wislet.balan	#N/D	512
wjsantos	true	512
wlopes	true	512
wlora	true	512
wlrodrigues	true	512
wluz	true	512
wmesabarba	true	512
wmmarques	true	512
woliveira	true	544
wpandrade	true	512
wpezarino	true	512
wpsilva	true	512
wrsouza	true	512
wsa	true	512
wsantos	true	512
wscosta	true	512
wserafim	true	512
wsilva	true	512
WSiqueira	true	512
wsouza	true	512
wtringoni	true	512
wvcarvalho	true	544
wwaiandt	true	512
xmaciel	true	512
yaugusto	true	512
ymonteiro	true	544
yoliveira	true	512
ypereira	true	512
ysales	true	512
ytsilva	true	512
zreis	true	512
zsantos	true	512
